{"cameraMode":{"drawMode":0,"name":"Shaded","section":"Shading Mode"},"sceneLighting":true,"audioPlay":false,"sceneViewState":{"showFog":true,"showMaterialUpdate":false,"showSkybox":true,"showFlares":true,"showImageEffects":true,"showParticleSystems":true},"in2DMode":false,"pivot":{"x":-11.250799179077149,"y":7.262399673461914,"z":8.786283493041993},"rotation":{"x":0.037398405373096469,"y":-0.9624239802360535,"z":0.18050412833690644,"w":0.19940125942230225},"size":42.65552520751953,"orthographic":false}