{"cameraMode":{"drawMode":0,"name":"Shaded","section":"Shading Mode"},"sceneLighting":true,"audioPlay":false,"sceneViewState":{"showFog":true,"showMaterialUpdate":false,"showSkybox":true,"showFlares":true,"showImageEffects":true,"showParticleSystems":true},"in2DMode":false,"pivot":{"x":-1.6860322952270508,"y":-5.03299617767334,"z":0.12568283081054688},"rotation":{"x":0.21644705533981324,"y":-0.16457200050354005,"z":0.037043433636426929,"w":0.9616113901138306},"size":33.3038444519043,"orthographic":false}